subject_id	subject_label	predicate_id	object_id	object_label	confidence	mapping_justification	date	creator_id	subject_source_version	object_source_version
CO_324:0000002	Flag leaf weight	skos:narrowMatch	TO:0000832	flag leaf morphology trait	1	sssom:HumanCuration	14/06/2021	orcid:0000-0002-6379-8932|orcid:0000-0002-8461-9745	https://raw.githubusercontent.com/Planteome/CO_330-potato-traits/3fc38aa1a09261de5e66bec1ac2bd1909c0cbb8f/Potato_TD.csv	https://raw.githubusercontent.com/Planteome/CO_324-sorghum-traits/9b59ff6f39fba7c3b891ac29e5422e14909a8ffb/sorghum_TD.csv
CO_324:0000003	Rest of leaves weight	skos:narrowMatch	TO:0000505	leaf weight	1	sssom:HumanCuration	14/06/2021	orcid:0000-0002-6379-8932|orcid:0000-0002-8461-9745	https://raw.githubusercontent.com/Planteome/CO_330-potato-traits/3fc38aa1a09261de5e66bec1ac2bd1909c0cbb8f/Potato_TD.csv	https://raw.githubusercontent.com/Planteome/CO_324-sorghum-traits/9b59ff6f39fba7c3b891ac29e5422e14909a8ffb/sorghum_TD.csv
CO_324:0000004	Leaf biomass dry matter basis yield	skos:narrowMatch	TO:0000870	leaf yield trait	1	sssom:HumanCuration	14/06/2021	orcid:0000-0002-6379-8932|orcid:0000-0002-8461-9745	https://raw.githubusercontent.com/Planteome/CO_330-potato-traits/3fc38aa1a09261de5e66bec1ac2bd1909c0cbb8f/Potato_TD.csv	https://raw.githubusercontent.com/Planteome/CO_324-sorghum-traits/9b59ff6f39fba7c3b891ac29e5422e14909a8ffb/sorghum_TD.csv
CO_324:0000006	Grain dry matter basis yield	skos:narrowMatch	TO:0000396	grain yield trait	1	sssom:HumanCuration	14/06/2021	orcid:0000-0002-6379-8932|orcid:0000-0002-8461-9745	https://raw.githubusercontent.com/Planteome/CO_330-potato-traits/3fc38aa1a09261de5e66bec1ac2bd1909c0cbb8f/Potato_TD.csv	https://raw.githubusercontent.com/Planteome/CO_324-sorghum-traits/9b59ff6f39fba7c3b891ac29e5422e14909a8ffb/sorghum_TD.csv
CO_324:0000009	Grain number per panicle	skos:narrowMatch	TO:0002759	grain number	1	sssom:HumanCuration	14/06/2021	orcid:0000-0002-6379-8932|orcid:0000-0002-8461-9745	https://raw.githubusercontent.com/Planteome/CO_330-potato-traits/3fc38aa1a09261de5e66bec1ac2bd1909c0cbb8f/Potato_TD.csv	https://raw.githubusercontent.com/Planteome/CO_324-sorghum-traits/9b59ff6f39fba7c3b891ac29e5422e14909a8ffb/sorghum_TD.csv
CO_324:0000012	Panicle harvest index	skos:narrowMatch	TO:0000128	harvest index	1	sssom:HumanCuration	14/06/2021	orcid:0000-0002-6379-8932|orcid:0000-0002-8461-9745	https://raw.githubusercontent.com/Planteome/CO_330-potato-traits/3fc38aa1a09261de5e66bec1ac2bd1909c0cbb8f/Potato_TD.csv	https://raw.githubusercontent.com/Planteome/CO_324-sorghum-traits/9b59ff6f39fba7c3b891ac29e5422e14909a8ffb/sorghum_TD.csv
CO_324:0000013	Panicle number	skos:exactMatch	TO:0000152	panicle number	1	sssom:HumanCuration	14/06/2021	orcid:0000-0002-6379-8932|orcid:0000-0002-8461-9745	https://raw.githubusercontent.com/Planteome/CO_330-potato-traits/3fc38aa1a09261de5e66bec1ac2bd1909c0cbb8f/Potato_TD.csv	https://raw.githubusercontent.com/Planteome/CO_324-sorghum-traits/9b59ff6f39fba7c3b891ac29e5422e14909a8ffb/sorghum_TD.csv
CO_324:0000014	Panicle weight without grain	skos:narrowMatch	TO:0000014	panicle weight	1	sssom:HumanCuration	14/06/2021	orcid:0000-0002-6379-8932|orcid:0000-0002-8461-9745	https://raw.githubusercontent.com/Planteome/CO_330-potato-traits/3fc38aa1a09261de5e66bec1ac2bd1909c0cbb8f/Potato_TD.csv	https://raw.githubusercontent.com/Planteome/CO_324-sorghum-traits/9b59ff6f39fba7c3b891ac29e5422e14909a8ffb/sorghum_TD.csv
CO_324:0000016	Stover nitrogen digestibility	skos:narrowMatch	TO:0020080	stover organic matter digestability	1	sssom:HumanCuration	14/06/2021	orcid:0000-0002-6379-8932|orcid:0000-0002-8461-9745	https://raw.githubusercontent.com/Planteome/CO_330-potato-traits/3fc38aa1a09261de5e66bec1ac2bd1909c0cbb8f/Potato_TD.csv	https://raw.githubusercontent.com/Planteome/CO_324-sorghum-traits/9b59ff6f39fba7c3b891ac29e5422e14909a8ffb/sorghum_TD.csv
CO_324:0000019	Grain harvest index	skos:narrowMatch	TO:0000895	fruit harvest index	1	sssom:HumanCuration	14/06/2021	orcid:0000-0002-6379-8932|orcid:0000-0002-8461-9745	https://raw.githubusercontent.com/Planteome/CO_330-potato-traits/3fc38aa1a09261de5e66bec1ac2bd1909c0cbb8f/Potato_TD.csv	https://raw.githubusercontent.com/Planteome/CO_324-sorghum-traits/9b59ff6f39fba7c3b891ac29e5422e14909a8ffb/sorghum_TD.csv
CO_324:0000020	Whole above ground biomass dry matter basis yield	skos:narrowMatch	TO:0000327	shoot system yield trait	1	sssom:HumanCuration	14/06/2021	orcid:0000-0002-6379-8932|orcid:0000-0002-8461-9745	https://raw.githubusercontent.com/Planteome/CO_330-potato-traits/3fc38aa1a09261de5e66bec1ac2bd1909c0cbb8f/Potato_TD.csv	https://raw.githubusercontent.com/Planteome/CO_324-sorghum-traits/9b59ff6f39fba7c3b891ac29e5422e14909a8ffb/sorghum_TD.csv
CO_324:0000022	Stem biomass yield at harvest	skos:narrowMatch	TO:0000327	shoot system yield trait	1	sssom:HumanCuration	14/06/2021	orcid:0000-0002-6379-8932|orcid:0000-0002-8461-9745	https://raw.githubusercontent.com/Planteome/CO_330-potato-traits/3fc38aa1a09261de5e66bec1ac2bd1909c0cbb8f/Potato_TD.csv	https://raw.githubusercontent.com/Planteome/CO_324-sorghum-traits/9b59ff6f39fba7c3b891ac29e5422e14909a8ffb/sorghum_TD.csv
CO_324:0000024	Stem sodium content	skos:narrowMatch	TO:0020004	shoot system sodium content	1	sssom:HumanCuration	14/06/2021	orcid:0000-0002-6379-8932|orcid:0000-0002-8461-9745	https://raw.githubusercontent.com/Planteome/CO_330-potato-traits/3fc38aa1a09261de5e66bec1ac2bd1909c0cbb8f/Potato_TD.csv	https://raw.githubusercontent.com/Planteome/CO_324-sorghum-traits/9b59ff6f39fba7c3b891ac29e5422e14909a8ffb/sorghum_TD.csv
CO_324:0000025	Stem potassium content	skos:narrowMatch	TO:0020003	shoot system potassium content	1	sssom:HumanCuration	14/06/2021	orcid:0000-0002-6379-8932|orcid:0000-0002-8461-9745	https://raw.githubusercontent.com/Planteome/CO_330-potato-traits/3fc38aa1a09261de5e66bec1ac2bd1909c0cbb8f/Potato_TD.csv	https://raw.githubusercontent.com/Planteome/CO_324-sorghum-traits/9b59ff6f39fba7c3b891ac29e5422e14909a8ffb/sorghum_TD.csv
CO_324:0000027	Flowering time	skos:exactMatch	TO:0002616	flowering time trait	1	sssom:HumanCuration	14/06/2021	orcid:0000-0002-6379-8932|orcid:0000-0002-8461-9745	https://raw.githubusercontent.com/Planteome/CO_330-potato-traits/3fc38aa1a09261de5e66bec1ac2bd1909c0cbb8f/Potato_TD.csv	https://raw.githubusercontent.com/Planteome/CO_324-sorghum-traits/9b59ff6f39fba7c3b891ac29e5422e14909a8ffb/sorghum_TD.csv
CO_324:0000028	Leaf to stem weight ratio	skos:narrowMatch	TO:0000077	shoot system morphology trait	1	sssom:HumanCuration	14/06/2021	orcid:0000-0002-6379-8932|orcid:0000-0002-8461-9745	https://raw.githubusercontent.com/Planteome/CO_330-potato-traits/3fc38aa1a09261de5e66bec1ac2bd1909c0cbb8f/Potato_TD.csv	https://raw.githubusercontent.com/Planteome/CO_324-sorghum-traits/9b59ff6f39fba7c3b891ac29e5422e14909a8ffb/sorghum_TD.csv
CO_324:0000031	Stover organic matter digestibility	skos:exactMatch	TO:0020080	stover organic matter digestibility	1	sssom:HumanCuration	14/06/2021	orcid:0000-0002-6379-8932|orcid:0000-0002-8461-9745	https://raw.githubusercontent.com/Planteome/CO_330-potato-traits/3fc38aa1a09261de5e66bec1ac2bd1909c0cbb8f/Potato_TD.csv	https://raw.githubusercontent.com/Planteome/CO_324-sorghum-traits/9b59ff6f39fba7c3b891ac29e5422e14909a8ffb/sorghum_TD.csv
CO_324:0000035	Harvest time	skos:exactMatch	TO:0000469	days to maturity	1	sssom:HumanCuration	14/06/2021	orcid:0000-0002-6379-8932|orcid:0000-0002-8461-9745	https://raw.githubusercontent.com/Planteome/CO_330-potato-traits/3fc38aa1a09261de5e66bec1ac2bd1909c0cbb8f/Potato_TD.csv	https://raw.githubusercontent.com/Planteome/CO_324-sorghum-traits/9b59ff6f39fba7c3b891ac29e5422e14909a8ffb/sorghum_TD.csv
CO_324:0000036	Stover metabolised energy	skos:exactMatch	TO:0020081	metabolized energy of stover	1	sssom:HumanCuration	14/06/2021	orcid:0000-0002-6379-8932|orcid:0000-0002-8461-9745	https://raw.githubusercontent.com/Planteome/CO_330-potato-traits/3fc38aa1a09261de5e66bec1ac2bd1909c0cbb8f/Potato_TD.csv	https://raw.githubusercontent.com/Planteome/CO_324-sorghum-traits/9b59ff6f39fba7c3b891ac29e5422e14909a8ffb/sorghum_TD.csv
CO_324:0000039	Stem nodal tiller number	skos:narrowMatch	TO:0000361	stem morphology trait	1	sssom:HumanCuration	14/06/2021	orcid:0000-0002-6379-8932|orcid:0000-0002-8461-9745	https://raw.githubusercontent.com/Planteome/CO_330-potato-traits/3fc38aa1a09261de5e66bec1ac2bd1909c0cbb8f/Potato_TD.csv	https://raw.githubusercontent.com/Planteome/CO_324-sorghum-traits/9b59ff6f39fba7c3b891ac29e5422e14909a8ffb/sorghum_TD.csv
CO_324:0000040	Plant basal tiller number	skos:exactMatch	TO:0001004	basal tiller number	1	sssom:HumanCuration	14/06/2021	orcid:0000-0002-6379-8932|orcid:0000-0002-8461-9745	https://raw.githubusercontent.com/Planteome/CO_330-potato-traits/3fc38aa1a09261de5e66bec1ac2bd1909c0cbb8f/Potato_TD.csv	https://raw.githubusercontent.com/Planteome/CO_324-sorghum-traits/9b59ff6f39fba7c3b891ac29e5422e14909a8ffb/sorghum_TD.csv
CO_324:0000042	Panicle width	skos:narrowMatch	TO:0006032	panicle size	1	sssom:HumanCuration	14/06/2021	orcid:0000-0002-6379-8932|orcid:0000-0002-8461-9745	https://raw.githubusercontent.com/Planteome/CO_330-potato-traits/3fc38aa1a09261de5e66bec1ac2bd1909c0cbb8f/Potato_TD.csv	https://raw.githubusercontent.com/Planteome/CO_324-sorghum-traits/9b59ff6f39fba7c3b891ac29e5422e14909a8ffb/sorghum_TD.csv
CO_324:0000044	Grain subcoat presence	skos:narrowMatch	TO:0002629	fruit morphology trait	1	sssom:HumanCuration	14/06/2021	orcid:0000-0002-6379-8932|orcid:0000-0002-8461-9745	https://raw.githubusercontent.com/Planteome/CO_330-potato-traits/3fc38aa1a09261de5e66bec1ac2bd1909c0cbb8f/Potato_TD.csv	https://raw.githubusercontent.com/Planteome/CO_324-sorghum-traits/9b59ff6f39fba7c3b891ac29e5422e14909a8ffb/sorghum_TD.csv
CO_324:0000045	Grain color	skos:exactMatch	TO:0001109	grain color trait	1	sssom:HumanCuration	14/06/2021	orcid:0000-0002-6379-8932|orcid:0000-0002-8461-9745	https://raw.githubusercontent.com/Planteome/CO_330-potato-traits/3fc38aa1a09261de5e66bec1ac2bd1909c0cbb8f/Potato_TD.csv	https://raw.githubusercontent.com/Planteome/CO_324-sorghum-traits/9b59ff6f39fba7c3b891ac29e5422e14909a8ffb/sorghum_TD.csv
CO_324:0000046	Grain size	skos:exactMatch	TO:0000397	grain size	1	sssom:HumanCuration	14/06/2021	orcid:0000-0002-6379-8932|orcid:0000-0002-8461-9745	https://raw.githubusercontent.com/Planteome/CO_330-potato-traits/3fc38aa1a09261de5e66bec1ac2bd1909c0cbb8f/Potato_TD.csv	https://raw.githubusercontent.com/Planteome/CO_324-sorghum-traits/9b59ff6f39fba7c3b891ac29e5422e14909a8ffb/sorghum_TD.csv
CO_324:0000047	Grain lustre	skos:narrowMatch	TO:0001079	caryopsis fruit morphology trait'	1	sssom:HumanCuration	14/06/2021	orcid:0000-0002-6379-8932|orcid:0000-0002-8461-9745	https://raw.githubusercontent.com/Planteome/CO_330-potato-traits/3fc38aa1a09261de5e66bec1ac2bd1909c0cbb8f/Potato_TD.csv	https://raw.githubusercontent.com/Planteome/CO_324-sorghum-traits/9b59ff6f39fba7c3b891ac29e5422e14909a8ffb/sorghum_TD.csv
CO_324:0000049	Panicle exertion	skos:narrowMatch	TO:0001002	inflorescence exsertion	1	sssom:HumanCuration	14/06/2021	orcid:0000-0002-6379-8932|orcid:0000-0002-8461-9745	https://raw.githubusercontent.com/Planteome/CO_330-potato-traits/3fc38aa1a09261de5e66bec1ac2bd1909c0cbb8f/Potato_TD.csv	https://raw.githubusercontent.com/Planteome/CO_324-sorghum-traits/9b59ff6f39fba7c3b891ac29e5422e14909a8ffb/sorghum_TD.csv
CO_324:0000050	Panicle compactness and shape	skos:exactMatch	TO:0020001	panicle inflorescence compactness	1	sssom:HumanCuration	14/06/2021	orcid:0000-0002-6379-8932|orcid:0000-0002-8461-9745	https://raw.githubusercontent.com/Planteome/CO_330-potato-traits/3fc38aa1a09261de5e66bec1ac2bd1909c0cbb8f/Potato_TD.csv	https://raw.githubusercontent.com/Planteome/CO_324-sorghum-traits/9b59ff6f39fba7c3b891ac29e5422e14909a8ffb/sorghum_TD.csv
CO_324:0000055	Leaf color	skos:exactMatch	TO:0000326	leaf color	1	sssom:HumanCuration	14/06/2021	orcid:0000-0002-6379-8932|orcid:0000-0002-8461-9745	https://raw.githubusercontent.com/Planteome/CO_330-potato-traits/3fc38aa1a09261de5e66bec1ac2bd1909c0cbb8f/Potato_TD.csv	https://raw.githubusercontent.com/Planteome/CO_324-sorghum-traits/9b59ff6f39fba7c3b891ac29e5422e14909a8ffb/sorghum_TD.csv
CO_324:0000056	Leaf vein color	skos:exactMatch	TO:0000719	leaf vein color	1	sssom:HumanCuration	14/06/2021	orcid:0000-0002-6379-8932|orcid:0000-0002-8461-9745	https://raw.githubusercontent.com/Planteome/CO_330-potato-traits/3fc38aa1a09261de5e66bec1ac2bd1909c0cbb8f/Potato_TD.csv	https://raw.githubusercontent.com/Planteome/CO_324-sorghum-traits/9b59ff6f39fba7c3b891ac29e5422e14909a8ffb/sorghum_TD.csv
CO_324:0000057	Leaf midrib color	skos:exactMatch	TO:0000720	leaf midrib color	1	sssom:HumanCuration	14/06/2021	orcid:0000-0002-6379-8932|orcid:0000-0002-8461-9745	https://raw.githubusercontent.com/Planteome/CO_330-potato-traits/3fc38aa1a09261de5e66bec1ac2bd1909c0cbb8f/Potato_TD.csv	https://raw.githubusercontent.com/Planteome/CO_324-sorghum-traits/9b59ff6f39fba7c3b891ac29e5422e14909a8ffb/sorghum_TD.csv
CO_324:0000061	Sorghum downy mildew incidence	skos:exactMatch	TO:0020010	sorghum downy mildew resistance	1	sssom:HumanCuration	14/06/2021	orcid:0000-0002-6379-8932|orcid:0000-0002-8461-9745	https://raw.githubusercontent.com/Planteome/CO_330-potato-traits/3fc38aa1a09261de5e66bec1ac2bd1909c0cbb8f/Potato_TD.csv	https://raw.githubusercontent.com/Planteome/CO_324-sorghum-traits/9b59ff6f39fba7c3b891ac29e5422e14909a8ffb/sorghum_TD.csv
CO_324:0000063	Sorghum rust incidence	skos:exactMatch	TO:0020009	sorghum rust resistance	1	sssom:HumanCuration	14/06/2021	orcid:0000-0002-6379-8932|orcid:0000-0002-8461-9745	https://raw.githubusercontent.com/Planteome/CO_330-potato-traits/3fc38aa1a09261de5e66bec1ac2bd1909c0cbb8f/Potato_TD.csv	https://raw.githubusercontent.com/Planteome/CO_324-sorghum-traits/9b59ff6f39fba7c3b891ac29e5422e14909a8ffb/sorghum_TD.csv
CO_324:0000065	Insect damage	skos:exactMatch	TO:0000261	insect damage resistance	1	sssom:HumanCuration	14/06/2021	orcid:0000-0002-6379-8932|orcid:0000-0002-8461-9745	https://raw.githubusercontent.com/Planteome/CO_330-potato-traits/3fc38aa1a09261de5e66bec1ac2bd1909c0cbb8f/Potato_TD.csv	https://raw.githubusercontent.com/Planteome/CO_324-sorghum-traits/9b59ff6f39fba7c3b891ac29e5422e14909a8ffb/sorghum_TD.csv
CO_324:0000067	Sorghum shoot fly incidence	skos:exactMatch	TO:0020007	sorghum shoot fly resistance	1	sssom:HumanCuration	14/06/2021	orcid:0000-0002-6379-8932|orcid:0000-0002-8461-9745	https://raw.githubusercontent.com/Planteome/CO_330-potato-traits/3fc38aa1a09261de5e66bec1ac2bd1909c0cbb8f/Potato_TD.csv	https://raw.githubusercontent.com/Planteome/CO_324-sorghum-traits/9b59ff6f39fba7c3b891ac29e5422e14909a8ffb/sorghum_TD.csv
CO_324:0000068	Sorghum stem borer incidence	skos:exactMatch	TO:0020005	sorghum stem borer resistance	1	sssom:HumanCuration	14/06/2021	orcid:0000-0002-6379-8932|orcid:0000-0002-8461-9745	https://raw.githubusercontent.com/Planteome/CO_330-potato-traits/3fc38aa1a09261de5e66bec1ac2bd1909c0cbb8f/Potato_TD.csv	https://raw.githubusercontent.com/Planteome/CO_324-sorghum-traits/9b59ff6f39fba7c3b891ac29e5422e14909a8ffb/sorghum_TD.csv
CO_324:0000073	Grain weight per panicle	skos:narrowMatch	TO:0000936	infructescence yield trait  	1	sssom:HumanCuration	14/06/2021	orcid:0000-0002-6379-8932|orcid:0000-0002-8461-9745	https://raw.githubusercontent.com/Planteome/CO_330-potato-traits/3fc38aa1a09261de5e66bec1ac2bd1909c0cbb8f/Potato_TD.csv	https://raw.githubusercontent.com/Planteome/CO_324-sorghum-traits/9b59ff6f39fba7c3b891ac29e5422e14909a8ffb/sorghum_TD.csv
CO_324:0000076	Panicle yield at harvest	skos:narrowMatch	TO:0000936	infructescence yield trait  	1	sssom:HumanCuration	14/06/2021	orcid:0000-0002-6379-8932|orcid:0000-0002-8461-9745	https://raw.githubusercontent.com/Planteome/CO_330-potato-traits/3fc38aa1a09261de5e66bec1ac2bd1909c0cbb8f/Potato_TD.csv	https://raw.githubusercontent.com/Planteome/CO_324-sorghum-traits/9b59ff6f39fba7c3b891ac29e5422e14909a8ffb/sorghum_TD.csv
CO_324:0000079	Grain weight	skos:exactMatch	TO:0000919	grain weight'	1	sssom:HumanCuration	14/06/2021	orcid:0000-0002-6379-8932|orcid:0000-0002-8461-9745	https://raw.githubusercontent.com/Planteome/CO_330-potato-traits/3fc38aa1a09261de5e66bec1ac2bd1909c0cbb8f/Potato_TD.csv	https://raw.githubusercontent.com/Planteome/CO_324-sorghum-traits/9b59ff6f39fba7c3b891ac29e5422e14909a8ffb/sorghum_TD.csv
CO_324:0000082	Stover Biomass dry matter basis yield	skos:narrowMatch	TO:0000327	shoot system yield trait	1	sssom:HumanCuration	14/06/2021	orcid:0000-0002-6379-8932|orcid:0000-0002-8461-9745	https://raw.githubusercontent.com/Planteome/CO_330-potato-traits/3fc38aa1a09261de5e66bec1ac2bd1909c0cbb8f/Potato_TD.csv	https://raw.githubusercontent.com/Planteome/CO_324-sorghum-traits/9b59ff6f39fba7c3b891ac29e5422e14909a8ffb/sorghum_TD.csv
CO_324:0000085	Maturity time	skos:exactMatch	TO:0000469	days to maturity	1	sssom:HumanCuration	14/06/2021	orcid:0000-0002-6379-8932|orcid:0000-0002-8461-9745	https://raw.githubusercontent.com/Planteome/CO_330-potato-traits/3fc38aa1a09261de5e66bec1ac2bd1909c0cbb8f/Potato_TD.csv	https://raw.githubusercontent.com/Planteome/CO_324-sorghum-traits/9b59ff6f39fba7c3b891ac29e5422e14909a8ffb/sorghum_TD.csv
CO_324:0000088	Plant height	skos:exactMatch	TO:0000207	plant height	1	sssom:HumanCuration	14/06/2021	orcid:0000-0002-6379-8932|orcid:0000-0002-8461-9745	https://raw.githubusercontent.com/Planteome/CO_330-potato-traits/3fc38aa1a09261de5e66bec1ac2bd1909c0cbb8f/Potato_TD.csv	https://raw.githubusercontent.com/Planteome/CO_324-sorghum-traits/9b59ff6f39fba7c3b891ac29e5422e14909a8ffb/sorghum_TD.csv
CO_324:0000091	Grain covering	skos:exactMatch	TO:0001000	glume cover	1	sssom:HumanCuration	14/06/2021	orcid:0000-0002-6379-8932|orcid:0000-0002-8461-9745	https://raw.githubusercontent.com/Planteome/CO_330-potato-traits/3fc38aa1a09261de5e66bec1ac2bd1909c0cbb8f/Potato_TD.csv	https://raw.githubusercontent.com/Planteome/CO_324-sorghum-traits/9b59ff6f39fba7c3b891ac29e5422e14909a8ffb/sorghum_TD.csv
CO_324:0000094	Panicle length	skos:exactMatch	TO:0000040	panicle length	1	sssom:HumanCuration	14/06/2021	orcid:0000-0002-6379-8932|orcid:0000-0002-8461-9745	https://raw.githubusercontent.com/Planteome/CO_330-potato-traits/3fc38aa1a09261de5e66bec1ac2bd1909c0cbb8f/Potato_TD.csv	https://raw.githubusercontent.com/Planteome/CO_324-sorghum-traits/9b59ff6f39fba7c3b891ac29e5422e14909a8ffb/sorghum_TD.csv
CO_324:0000097	Glume color	skos:exactMatch	TO:0000221	glume color	1	sssom:HumanCuration	14/06/2021	orcid:0000-0002-6379-8932|orcid:0000-0002-8461-9745	https://raw.githubusercontent.com/Planteome/CO_330-potato-traits/3fc38aa1a09261de5e66bec1ac2bd1909c0cbb8f/Potato_TD.csv	https://raw.githubusercontent.com/Planteome/CO_324-sorghum-traits/9b59ff6f39fba7c3b891ac29e5422e14909a8ffb/sorghum_TD.csv
CO_324:0000100	Panicle threshability	skos:exactMatch	TO:0000406	panicle threshability	1	sssom:HumanCuration	14/06/2021	orcid:0000-0002-6379-8932|orcid:0000-0002-8461-9745	https://raw.githubusercontent.com/Planteome/CO_330-potato-traits/3fc38aa1a09261de5e66bec1ac2bd1909c0cbb8f/Potato_TD.csv	https://raw.githubusercontent.com/Planteome/CO_324-sorghum-traits/9b59ff6f39fba7c3b891ac29e5422e14909a8ffb/sorghum_TD.csv
CO_324:0000103	Grain mold severity	skos:exactMatch	TO:0020008	sorghum grain mold	1	sssom:HumanCuration	14/06/2021	orcid:0000-0002-6379-8932|orcid:0000-0002-8461-9745	https://raw.githubusercontent.com/Planteome/CO_330-potato-traits/3fc38aa1a09261de5e66bec1ac2bd1909c0cbb8f/Potato_TD.csv	https://raw.githubusercontent.com/Planteome/CO_324-sorghum-traits/9b59ff6f39fba7c3b891ac29e5422e14909a8ffb/sorghum_TD.csv
CO_324:0000106	Grain anthracnose severity	skos:narrowMatch	TO:0000439	fungal disease resistance	1	sssom:HumanCuration	14/06/2021	orcid:0000-0002-6379-8932|orcid:0000-0002-8461-9745	https://raw.githubusercontent.com/Planteome/CO_330-potato-traits/3fc38aa1a09261de5e66bec1ac2bd1909c0cbb8f/Potato_TD.csv	https://raw.githubusercontent.com/Planteome/CO_324-sorghum-traits/9b59ff6f39fba7c3b891ac29e5422e14909a8ffb/sorghum_TD.csv
CO_324:0000109	Foliar anthracnose severity	skos:narrowMatch	TO:0000439	fungal disease resistance	1	sssom:HumanCuration	14/06/2021	orcid:0000-0002-6379-8932|orcid:0000-0002-8461-9745	https://raw.githubusercontent.com/Planteome/CO_330-potato-traits/3fc38aa1a09261de5e66bec1ac2bd1909c0cbb8f/Potato_TD.csv	https://raw.githubusercontent.com/Planteome/CO_324-sorghum-traits/9b59ff6f39fba7c3b891ac29e5422e14909a8ffb/sorghum_TD.csv
CO_324:0000112	Plant agronomic appreciation	skos:exactMatch	TO:0000322	phenotypic acceptability	1	sssom:HumanCuration	14/06/2021	orcid:0000-0002-6379-8932|orcid:0000-0002-8461-9745	https://raw.githubusercontent.com/Planteome/CO_330-potato-traits/3fc38aa1a09261de5e66bec1ac2bd1909c0cbb8f/Potato_TD.csv	https://raw.githubusercontent.com/Planteome/CO_324-sorghum-traits/9b59ff6f39fba7c3b891ac29e5422e14909a8ffb/sorghum_TD.csv
CO_324:0000121	Heading time	skos:exactMatch	TO:0000137	days to heading	1	sssom:HumanCuration	14/06/2021	orcid:0000-0002-6379-8932|orcid:0000-0002-8461-9745	https://raw.githubusercontent.com/Planteome/CO_330-potato-traits/3fc38aa1a09261de5e66bec1ac2bd1909c0cbb8f/Potato_TD.csv	https://raw.githubusercontent.com/Planteome/CO_324-sorghum-traits/9b59ff6f39fba7c3b891ac29e5422e14909a8ffb/sorghum_TD.csv
CO_324:0000127	Variety farmer preference	skos:narrowMatch	TO:0000322	phenotypic acceptability	1	sssom:HumanCuration	14/06/2021	orcid:0000-0002-6379-8932|orcid:0000-0002-8461-9745	https://raw.githubusercontent.com/Planteome/CO_330-potato-traits/3fc38aa1a09261de5e66bec1ac2bd1909c0cbb8f/Potato_TD.csv	https://raw.githubusercontent.com/Planteome/CO_324-sorghum-traits/9b59ff6f39fba7c3b891ac29e5422e14909a8ffb/sorghum_TD.csv
CO_324:0000130	Grain desirability	skos:narrowMatch	TO:0000162	grain quality trait	1	sssom:HumanCuration	14/06/2021	orcid:0000-0002-6379-8932|orcid:0000-0002-8461-9745	https://raw.githubusercontent.com/Planteome/CO_330-potato-traits/3fc38aa1a09261de5e66bec1ac2bd1909c0cbb8f/Potato_TD.csv	https://raw.githubusercontent.com/Planteome/CO_324-sorghum-traits/9b59ff6f39fba7c3b891ac29e5422e14909a8ffb/sorghum_TD.csv
CO_324:0000133	Grain yield at harvest	skos:exactMatch	TO:0000396	grain yield trait	1	sssom:HumanCuration	14/06/2021	orcid:0000-0002-6379-8932|orcid:0000-0002-8461-9745	https://raw.githubusercontent.com/Planteome/CO_330-potato-traits/3fc38aa1a09261de5e66bec1ac2bd1909c0cbb8f/Potato_TD.csv	https://raw.githubusercontent.com/Planteome/CO_324-sorghum-traits/9b59ff6f39fba7c3b891ac29e5422e14909a8ffb/sorghum_TD.csv
CO_324:0000136	Plant vigor	skos:exactMatch	TO:0000250	plant vigor trait	1	sssom:HumanCuration	14/06/2021	orcid:0000-0002-6379-8932|orcid:0000-0002-8461-9745	https://raw.githubusercontent.com/Planteome/CO_330-potato-traits/3fc38aa1a09261de5e66bec1ac2bd1909c0cbb8f/Potato_TD.csv	https://raw.githubusercontent.com/Planteome/CO_324-sorghum-traits/9b59ff6f39fba7c3b891ac29e5422e14909a8ffb/sorghum_TD.csv
CO_324:0000139	Stem internodes length	skos:exactMatch	TO:0000145	shoot axis internode length	1	sssom:HumanCuration	14/06/2021	orcid:0000-0002-6379-8932|orcid:0000-0002-8461-9745	https://raw.githubusercontent.com/Planteome/CO_330-potato-traits/3fc38aa1a09261de5e66bec1ac2bd1909c0cbb8f/Potato_TD.csv	https://raw.githubusercontent.com/Planteome/CO_324-sorghum-traits/9b59ff6f39fba7c3b891ac29e5422e14909a8ffb/sorghum_TD.csv
CO_324:0000142	sorghum stem juice weight trait	skos:narrowMatch	TO:0001068	processing quality trait	1	sssom:HumanCuration	14/06/2021	orcid:0000-0002-6379-8932|orcid:0000-0002-8461-9745	https://raw.githubusercontent.com/Planteome/CO_330-potato-traits/3fc38aa1a09261de5e66bec1ac2bd1909c0cbb8f/Potato_TD.csv	https://raw.githubusercontent.com/Planteome/CO_324-sorghum-traits/9b59ff6f39fba7c3b891ac29e5422e14909a8ffb/sorghum_TD.csv
CO_324:0000145	Cytoplasmic male sterility	skos:exactMatch	TO:0000580	cytoplasmic male sterility trait	1	sssom:HumanCuration	14/06/2021	orcid:0000-0002-6379-8932|orcid:0000-0002-8461-9745	https://raw.githubusercontent.com/Planteome/CO_330-potato-traits/3fc38aa1a09261de5e66bec1ac2bd1909c0cbb8f/Potato_TD.csv	https://raw.githubusercontent.com/Planteome/CO_324-sorghum-traits/9b59ff6f39fba7c3b891ac29e5422e14909a8ffb/sorghum_TD.csv
CO_324:0000148	Variety maturity appreciation	skos:narrowMatch	TO:0000469	days to maturity	1	sssom:HumanCuration	14/06/2021	orcid:0000-0002-6379-8932|orcid:0000-0002-8461-9745	https://raw.githubusercontent.com/Planteome/CO_330-potato-traits/3fc38aa1a09261de5e66bec1ac2bd1909c0cbb8f/Potato_TD.csv	https://raw.githubusercontent.com/Planteome/CO_324-sorghum-traits/9b59ff6f39fba7c3b891ac29e5422e14909a8ffb/sorghum_TD.csv
CO_324:0000157	Midge incidence	skos:narrowMatch	TO:0000261	insect damage resistance	1	sssom:HumanCuration	14/06/2021	orcid:0000-0002-6379-8932|orcid:0000-0002-8461-9745	https://raw.githubusercontent.com/Planteome/CO_330-potato-traits/3fc38aa1a09261de5e66bec1ac2bd1909c0cbb8f/Potato_TD.csv	https://raw.githubusercontent.com/Planteome/CO_324-sorghum-traits/9b59ff6f39fba7c3b891ac29e5422e14909a8ffb/sorghum_TD.csv
CO_324:0000160	Empty panicle number	skos:narrowMatch	TO:0000152	panicle number	1	sssom:HumanCuration	14/06/2021	orcid:0000-0002-6379-8932|orcid:0000-0002-8461-9745	https://raw.githubusercontent.com/Planteome/CO_330-potato-traits/3fc38aa1a09261de5e66bec1ac2bd1909c0cbb8f/Potato_TD.csv	https://raw.githubusercontent.com/Planteome/CO_324-sorghum-traits/9b59ff6f39fba7c3b891ac29e5422e14909a8ffb/sorghum_TD.csv
CO_324:0000166	Panicle harvested number	skos:narrowMatch	TO:0000936	infructescence yield trait 	1	sssom:HumanCuration	14/06/2021	orcid:0000-0002-6379-8932|orcid:0000-0002-8461-9745	https://raw.githubusercontent.com/Planteome/CO_330-potato-traits/3fc38aa1a09261de5e66bec1ac2bd1909c0cbb8f/Potato_TD.csv	https://raw.githubusercontent.com/Planteome/CO_324-sorghum-traits/9b59ff6f39fba7c3b891ac29e5422e14909a8ffb/sorghum_TD.csv
CO_324:0000169	Panicle off type number	skos:narrowMatch	TO:0000152	panicle number	1	sssom:HumanCuration	14/06/2021	orcid:0000-0002-6379-8932|orcid:0000-0002-8461-9745	https://raw.githubusercontent.com/Planteome/CO_330-potato-traits/3fc38aa1a09261de5e66bec1ac2bd1909c0cbb8f/Potato_TD.csv	https://raw.githubusercontent.com/Planteome/CO_324-sorghum-traits/9b59ff6f39fba7c3b891ac29e5422e14909a8ffb/sorghum_TD.csv
CO_324:0000184	Panicle desirability	skos:narrowMatch	TO:0000089	panicle inflorescence type	1	sssom:HumanCuration	14/06/2021	orcid:0000-0002-6379-8932|orcid:0000-0002-8461-9745	https://raw.githubusercontent.com/Planteome/CO_330-potato-traits/3fc38aa1a09261de5e66bec1ac2bd1909c0cbb8f/Potato_TD.csv	https://raw.githubusercontent.com/Planteome/CO_324-sorghum-traits/9b59ff6f39fba7c3b891ac29e5422e14909a8ffb/sorghum_TD.csv
CO_324:0000187	Panicle density	skos:exactMatch	TO:0000970	panicle density	1	sssom:HumanCuration	14/06/2021	orcid:0000-0002-6379-8932|orcid:0000-0002-8461-9745	https://raw.githubusercontent.com/Planteome/CO_330-potato-traits/3fc38aa1a09261de5e66bec1ac2bd1909c0cbb8f/Potato_TD.csv	https://raw.githubusercontent.com/Planteome/CO_324-sorghum-traits/9b59ff6f39fba7c3b891ac29e5422e14909a8ffb/sorghum_TD.csv
CO_324:0000190	Seedling vigor	skos:exactMatch	TO:0000280	seedling vigor	1	sssom:HumanCuration	14/06/2021	orcid:0000-0002-6379-8932|orcid:0000-0002-8461-9745	https://raw.githubusercontent.com/Planteome/CO_330-potato-traits/3fc38aa1a09261de5e66bec1ac2bd1909c0cbb8f/Potato_TD.csv	https://raw.githubusercontent.com/Planteome/CO_324-sorghum-traits/9b59ff6f39fba7c3b891ac29e5422e14909a8ffb/sorghum_TD.csv
CO_324:0000193	Striga incidence	skos:narrowMatch	 TO:0000347	weed damage	1	sssom:HumanCuration	14/06/2021	orcid:0000-0002-6379-8932|orcid:0000-0002-8461-9745	https://raw.githubusercontent.com/Planteome/CO_330-potato-traits/3fc38aa1a09261de5e66bec1ac2bd1909c0cbb8f/Potato_TD.csv	https://raw.githubusercontent.com/Planteome/CO_324-sorghum-traits/9b59ff6f39fba7c3b891ac29e5422e14909a8ffb/sorghum_TD.csv
CO_324:0000196	Stem juice sugar content	skos:narrowMatch	TO:0000333	sugar content	1	sssom:HumanCuration	14/06/2021	orcid:0000-0002-6379-8932|orcid:0000-0002-8461-9745	https://raw.githubusercontent.com/Planteome/CO_330-potato-traits/3fc38aa1a09261de5e66bec1ac2bd1909c0cbb8f/Potato_TD.csv	https://raw.githubusercontent.com/Planteome/CO_324-sorghum-traits/9b59ff6f39fba7c3b891ac29e5422e14909a8ffb/sorghum_TD.csv
CO_324:0000199	Grain yield	skos:exactMatch	TO:0000396	grain yield trait	1	sssom:HumanCuration	14/06/2021	orcid:0000-0002-6379-8932|orcid:0000-0002-8461-9745	https://raw.githubusercontent.com/Planteome/CO_330-potato-traits/3fc38aa1a09261de5e66bec1ac2bd1909c0cbb8f/Potato_TD.csv	https://raw.githubusercontent.com/Planteome/CO_324-sorghum-traits/9b59ff6f39fba7c3b891ac29e5422e14909a8ffb/sorghum_TD.csv
CO_324:0000202	Stem juice volume	skos:narrowMatch	TO:0001068	processing quality trait	1	sssom:HumanCuration	14/06/2021	orcid:0000-0002-6379-8932|orcid:0000-0002-8461-9745	https://raw.githubusercontent.com/Planteome/CO_330-potato-traits/3fc38aa1a09261de5e66bec1ac2bd1909c0cbb8f/Potato_TD.csv	https://raw.githubusercontent.com/Planteome/CO_324-sorghum-traits/9b59ff6f39fba7c3b891ac29e5422e14909a8ffb/sorghum_TD.csv
CO_324:0000205	Endosperm color	skos:exactMatch	TO:0000487	endosperm color	1	sssom:HumanCuration	14/06/2021	orcid:0000-0002-6379-8932|orcid:0000-0002-8461-9745	https://raw.githubusercontent.com/Planteome/CO_330-potato-traits/3fc38aa1a09261de5e66bec1ac2bd1909c0cbb8f/Potato_TD.csv	https://raw.githubusercontent.com/Planteome/CO_324-sorghum-traits/9b59ff6f39fba7c3b891ac29e5422e14909a8ffb/sorghum_TD.csv
CO_324:0000211	Grain decortication yield	skos:narrowMatch	TO:0000396	grain yield trait	1	sssom:HumanCuration	14/06/2021	orcid:0000-0002-6379-8932|orcid:0000-0002-8461-9745	https://raw.githubusercontent.com/Planteome/CO_330-potato-traits/3fc38aa1a09261de5e66bec1ac2bd1909c0cbb8f/Potato_TD.csv	https://raw.githubusercontent.com/Planteome/CO_324-sorghum-traits/9b59ff6f39fba7c3b891ac29e5422e14909a8ffb/sorghum_TD.csv
CO_324:0000214	Plant anthocyanin presence	skos:exactMatch	TO:0000071	anthocyanin content	1	sssom:HumanCuration	14/06/2021	orcid:0000-0002-6379-8932|orcid:0000-0002-8461-9745	https://raw.githubusercontent.com/Planteome/CO_330-potato-traits/3fc38aa1a09261de5e66bec1ac2bd1909c0cbb8f/Potato_TD.csv	https://raw.githubusercontent.com/Planteome/CO_324-sorghum-traits/9b59ff6f39fba7c3b891ac29e5422e14909a8ffb/sorghum_TD.csv
CO_324:0000217	Sooty stripe disease presence	skos:narrowMatch	TO:0000439	fungal disease resistance	1	sssom:HumanCuration	14/06/2021	orcid:0000-0002-6379-8932|orcid:0000-0002-8461-9745	https://raw.githubusercontent.com/Planteome/CO_330-potato-traits/3fc38aa1a09261de5e66bec1ac2bd1909c0cbb8f/Potato_TD.csv	https://raw.githubusercontent.com/Planteome/CO_324-sorghum-traits/9b59ff6f39fba7c3b891ac29e5422e14909a8ffb/sorghum_TD.csv
CO_324:0000220	Helminthosporiose disease presence	skos:narrowMatch	TO:0000439	fungal disease resistance	1	sssom:HumanCuration	14/06/2021	orcid:0000-0002-6379-8932|orcid:0000-0002-8461-9745	https://raw.githubusercontent.com/Planteome/CO_330-potato-traits/3fc38aa1a09261de5e66bec1ac2bd1909c0cbb8f/Potato_TD.csv	https://raw.githubusercontent.com/Planteome/CO_324-sorghum-traits/9b59ff6f39fba7c3b891ac29e5422e14909a8ffb/sorghum_TD.csv
CO_324:0000223	Grain density	skos:exactMatch	TO:0000612	grain density	1	sssom:HumanCuration	14/06/2021	orcid:0000-0002-6379-8932|orcid:0000-0002-8461-9745	https://raw.githubusercontent.com/Planteome/CO_330-potato-traits/3fc38aa1a09261de5e66bec1ac2bd1909c0cbb8f/Potato_TD.csv	https://raw.githubusercontent.com/Planteome/CO_324-sorghum-traits/9b59ff6f39fba7c3b891ac29e5422e14909a8ffb/sorghum_TD.csv
CO_324:0000226	Glume awnedness	skos:exactMatch	TO:0002734	awn presence	1	sssom:HumanCuration	14/06/2021	orcid:0000-0002-6379-8932|orcid:0000-0002-8461-9745	https://raw.githubusercontent.com/Planteome/CO_330-potato-traits/3fc38aa1a09261de5e66bec1ac2bd1909c0cbb8f/Potato_TD.csv	https://raw.githubusercontent.com/Planteome/CO_324-sorghum-traits/9b59ff6f39fba7c3b891ac29e5422e14909a8ffb/sorghum_TD.csv
CO_324:0000235	Stem elongated internodes number	skos:narrowMatch	TO:0000756	stem internode morphology trait	1	sssom:HumanCuration	14/06/2021	orcid:0000-0002-6379-8932|orcid:0000-0002-8461-9745	https://raw.githubusercontent.com/Planteome/CO_330-potato-traits/3fc38aa1a09261de5e66bec1ac2bd1909c0cbb8f/Potato_TD.csv	https://raw.githubusercontent.com/Planteome/CO_324-sorghum-traits/9b59ff6f39fba7c3b891ac29e5422e14909a8ffb/sorghum_TD.csv
CO_324:0000238	Variety photoperiod sensitivity coefficient	skos:narrowMatch	TO:0000229	photoperiod sensitivity trait	1	sssom:HumanCuration	14/06/2021	orcid:0000-0002-6379-8932|orcid:0000-0002-8461-9745	https://raw.githubusercontent.com/Planteome/CO_330-potato-traits/3fc38aa1a09261de5e66bec1ac2bd1909c0cbb8f/Potato_TD.csv	https://raw.githubusercontent.com/Planteome/CO_324-sorghum-traits/9b59ff6f39fba7c3b891ac29e5422e14909a8ffb/sorghum_TD.csv
CO_324:0000241	Green leaves number	skos:narrowMatch	TO:0000241	leaf number	1	sssom:HumanCuration	14/06/2021	orcid:0000-0002-6379-8932|orcid:0000-0002-8461-9745	https://raw.githubusercontent.com/Planteome/CO_330-potato-traits/3fc38aa1a09261de5e66bec1ac2bd1909c0cbb8f/Potato_TD.csv	https://raw.githubusercontent.com/Planteome/CO_324-sorghum-traits/9b59ff6f39fba7c3b891ac29e5422e14909a8ffb/sorghum_TD.csv
CO_324:0000244	Grain amylose content	skos:narrowMatch	TO:0000196	amylose content	1	sssom:HumanCuration	14/06/2021	orcid:0000-0002-6379-8932|orcid:0000-0002-8461-9745	https://raw.githubusercontent.com/Planteome/CO_330-potato-traits/3fc38aa1a09261de5e66bec1ac2bd1909c0cbb8f/Potato_TD.csv	https://raw.githubusercontent.com/Planteome/CO_324-sorghum-traits/9b59ff6f39fba7c3b891ac29e5422e14909a8ffb/sorghum_TD.csv
CO_324:0000247	Grain lipid content	skos:narrowMatch	TO:0000604	fat and essential oil content	1	sssom:HumanCuration	14/06/2021	orcid:0000-0002-6379-8932|orcid:0000-0002-8461-9745	https://raw.githubusercontent.com/Planteome/CO_330-potato-traits/3fc38aa1a09261de5e66bec1ac2bd1909c0cbb8f/Potato_TD.csv	https://raw.githubusercontent.com/Planteome/CO_324-sorghum-traits/9b59ff6f39fba7c3b891ac29e5422e14909a8ffb/sorghum_TD.csv
CO_324:0000250	Grain protein content	skos:narrowMatch	TO:0001136	grain protein content 	1	sssom:HumanCuration	14/06/2021	orcid:0000-0002-6379-8932|orcid:0000-0002-8461-9745	https://raw.githubusercontent.com/Planteome/CO_330-potato-traits/3fc38aa1a09261de5e66bec1ac2bd1909c0cbb8f/Potato_TD.csv	https://raw.githubusercontent.com/Planteome/CO_324-sorghum-traits/9b59ff6f39fba7c3b891ac29e5422e14909a8ffb/sorghum_TD.csv
CO_324:0000253	To color	skos:narrowMatch	TO:0001069	cooking quality trait	1	sssom:HumanCuration	14/06/2021	orcid:0000-0002-6379-8932|orcid:0000-0002-8461-9745	https://raw.githubusercontent.com/Planteome/CO_330-potato-traits/3fc38aa1a09261de5e66bec1ac2bd1909c0cbb8f/Potato_TD.csv	https://raw.githubusercontent.com/Planteome/CO_324-sorghum-traits/9b59ff6f39fba7c3b891ac29e5422e14909a8ffb/sorghum_TD.csv
CO_324:0000256	To consistency	skos:narrowMatch	TO:0001069	cooking quality trait	1	sssom:HumanCuration	14/06/2021	orcid:0000-0002-6379-8932|orcid:0000-0002-8461-9745	https://raw.githubusercontent.com/Planteome/CO_330-potato-traits/3fc38aa1a09261de5e66bec1ac2bd1909c0cbb8f/Potato_TD.csv	https://raw.githubusercontent.com/Planteome/CO_324-sorghum-traits/9b59ff6f39fba7c3b891ac29e5422e14909a8ffb/sorghum_TD.csv
CO_324:0000259	Endosperm texture	skos:narrowMatch	TO:0000587	endosperm quality	1	sssom:HumanCuration	14/06/2021	orcid:0000-0002-6379-8932|orcid:0000-0002-8461-9745	https://raw.githubusercontent.com/Planteome/CO_330-potato-traits/3fc38aa1a09261de5e66bec1ac2bd1909c0cbb8f/Potato_TD.csv	https://raw.githubusercontent.com/Planteome/CO_324-sorghum-traits/9b59ff6f39fba7c3b891ac29e5422e14909a8ffb/sorghum_TD.csv
CO_324:0000262	Grain roundness	skos:narrowMatch	TO:0002730	grain shape	1	sssom:HumanCuration	14/06/2021	orcid:0000-0002-6379-8932|orcid:0000-0002-8461-9745	https://raw.githubusercontent.com/Planteome/CO_330-potato-traits/3fc38aa1a09261de5e66bec1ac2bd1909c0cbb8f/Potato_TD.csv	https://raw.githubusercontent.com/Planteome/CO_324-sorghum-traits/9b59ff6f39fba7c3b891ac29e5422e14909a8ffb/sorghum_TD.csv
CO_324:0000265	Pericarp thickness	skos:narrowMatch	TO:0000945	pericarp morphology trait	1	sssom:HumanCuration	14/06/2021	orcid:0000-0002-6379-8932|orcid:0000-0002-8461-9745	https://raw.githubusercontent.com/Planteome/CO_330-potato-traits/3fc38aa1a09261de5e66bec1ac2bd1909c0cbb8f/Potato_TD.csv	https://raw.githubusercontent.com/Planteome/CO_324-sorghum-traits/9b59ff6f39fba7c3b891ac29e5422e14909a8ffb/sorghum_TD.csv
CO_324:0000268	Panicle dry matter basis yield	skos:narrowMatch	TO:0000936	infructescence yield trait 	1	sssom:HumanCuration	14/06/2021	orcid:0000-0002-6379-8932|orcid:0000-0002-8461-9745	https://raw.githubusercontent.com/Planteome/CO_330-potato-traits/3fc38aa1a09261de5e66bec1ac2bd1909c0cbb8f/Potato_TD.csv	https://raw.githubusercontent.com/Planteome/CO_324-sorghum-traits/9b59ff6f39fba7c3b891ac29e5422e14909a8ffb/sorghum_TD.csv
CO_324:0000271	Peduncle length	skos:exactMatch	TO:0002691	peduncle length	1	sssom:HumanCuration	14/06/2021	orcid:0000-0002-6379-8932|orcid:0000-0002-8461-9745	https://raw.githubusercontent.com/Planteome/CO_330-potato-traits/3fc38aa1a09261de5e66bec1ac2bd1909c0cbb8f/Potato_TD.csv	https://raw.githubusercontent.com/Planteome/CO_324-sorghum-traits/9b59ff6f39fba7c3b891ac29e5422e14909a8ffb/sorghum_TD.csv
CO_324:0000274	Flag leaf ligulation time	skos:exactMatch	TO:0001008	days to flag leaf emergence	1	sssom:HumanCuration	14/06/2021	orcid:0000-0002-6379-8932|orcid:0000-0002-8461-9745	https://raw.githubusercontent.com/Planteome/CO_330-potato-traits/3fc38aa1a09261de5e66bec1ac2bd1909c0cbb8f/Potato_TD.csv	https://raw.githubusercontent.com/Planteome/CO_324-sorghum-traits/9b59ff6f39fba7c3b891ac29e5422e14909a8ffb/sorghum_TD.csv
CO_324:0000277	Grain hardness	skos:exactMatch	TO:0000689	grain tenderness	1	sssom:HumanCuration	14/06/2021	orcid:0000-0002-6379-8932|orcid:0000-0002-8461-9745	https://raw.githubusercontent.com/Planteome/CO_330-potato-traits/3fc38aa1a09261de5e66bec1ac2bd1909c0cbb8f/Potato_TD.csv	https://raw.githubusercontent.com/Planteome/CO_324-sorghum-traits/9b59ff6f39fba7c3b891ac29e5422e14909a8ffb/sorghum_TD.csv
CO_324:0000283	Plant lodging incidence	skos:exactMatch	TO:0000068	lodging incidence	1	sssom:HumanCuration	14/06/2021	orcid:0000-0002-6379-8932|orcid:0000-0002-8461-9745	https://raw.githubusercontent.com/Planteome/CO_330-potato-traits/3fc38aa1a09261de5e66bec1ac2bd1909c0cbb8f/Potato_TD.csv	https://raw.githubusercontent.com/Planteome/CO_324-sorghum-traits/9b59ff6f39fba7c3b891ac29e5422e14909a8ffb/sorghum_TD.csv
CO_324:0000286	Glume opening	skos:exactMatch	TO:0000474	glume opening	1	sssom:HumanCuration	14/06/2021	orcid:0000-0002-6379-8932|orcid:0000-0002-8461-9745	https://raw.githubusercontent.com/Planteome/CO_330-potato-traits/3fc38aa1a09261de5e66bec1ac2bd1909c0cbb8f/Potato_TD.csv	https://raw.githubusercontent.com/Planteome/CO_324-sorghum-traits/9b59ff6f39fba7c3b891ac29e5422e14909a8ffb/sorghum_TD.csv
CO_324:0000289	Grain rotation	skos:narrowMatch	TO:0001079	caryopsis fruit morphology trait'	1	sssom:HumanCuration	14/06/2021	orcid:0000-0002-6379-8932|orcid:0000-0002-8461-9745	https://raw.githubusercontent.com/Planteome/CO_330-potato-traits/3fc38aa1a09261de5e66bec1ac2bd1909c0cbb8f/Potato_TD.csv	https://raw.githubusercontent.com/Planteome/CO_324-sorghum-traits/9b59ff6f39fba7c3b891ac29e5422e14909a8ffb/sorghum_TD.csv
CO_324:0000292	Grain shape in dorsal view	skos:narrowMatch	TO:0002730	grain shape	1	sssom:HumanCuration	14/06/2021	orcid:0000-0002-6379-8932|orcid:0000-0002-8461-9745	https://raw.githubusercontent.com/Planteome/CO_330-potato-traits/3fc38aa1a09261de5e66bec1ac2bd1909c0cbb8f/Potato_TD.csv	https://raw.githubusercontent.com/Planteome/CO_324-sorghum-traits/9b59ff6f39fba7c3b891ac29e5422e14909a8ffb/sorghum_TD.csv
CO_324:0000295	Glume adhesion	skos:narrowMatch	TO:0000657	spikelet morphology trait	1	sssom:HumanCuration	14/06/2021	orcid:0000-0002-6379-8932|orcid:0000-0002-8461-9745	https://raw.githubusercontent.com/Planteome/CO_330-potato-traits/3fc38aa1a09261de5e66bec1ac2bd1909c0cbb8f/Potato_TD.csv	https://raw.githubusercontent.com/Planteome/CO_324-sorghum-traits/9b59ff6f39fba7c3b891ac29e5422e14909a8ffb/sorghum_TD.csv
CO_324:0000298	Coleoptile color	skos:exactMatch	TO:0000244	coleoptile color	1	sssom:HumanCuration	14/06/2021	orcid:0000-0002-6379-8932|orcid:0000-0002-8461-9745	https://raw.githubusercontent.com/Planteome/CO_330-potato-traits/3fc38aa1a09261de5e66bec1ac2bd1909c0cbb8f/Potato_TD.csv	https://raw.githubusercontent.com/Planteome/CO_324-sorghum-traits/9b59ff6f39fba7c3b891ac29e5422e14909a8ffb/sorghum_TD.csv
CO_324:0000389	Effective tiller number	skos:narrowMatch	TO:0000346	tiller number	1	sssom:HumanCuration	14/06/2021	orcid:0000-0002-6379-8932|orcid:0000-0002-8461-9745	https://raw.githubusercontent.com/Planteome/CO_330-potato-traits/3fc38aa1a09261de5e66bec1ac2bd1909c0cbb8f/Potato_TD.csv	https://raw.githubusercontent.com/Planteome/CO_324-sorghum-traits/9b59ff6f39fba7c3b891ac29e5422e14909a8ffb/sorghum_TD.csv
CO_324:0000394	Grain dry matter content	skos:narrowMatch	TO:0000162	grain quality trait	1	sssom:HumanCuration	14/06/2021	orcid:0000-0002-6379-8932|orcid:0000-0002-8461-9745	https://raw.githubusercontent.com/Planteome/CO_330-potato-traits/3fc38aa1a09261de5e66bec1ac2bd1909c0cbb8f/Potato_TD.csv	https://raw.githubusercontent.com/Planteome/CO_324-sorghum-traits/9b59ff6f39fba7c3b891ac29e5422e14909a8ffb/sorghum_TD.csv
CO_324:0000405	Grain moisture content	skos:exactMatch	TO:0000057	grain moisture	1	sssom:HumanCuration	14/06/2021	orcid:0000-0002-6379-8932|orcid:0000-0002-8461-9745	https://raw.githubusercontent.com/Planteome/CO_330-potato-traits/3fc38aa1a09261de5e66bec1ac2bd1909c0cbb8f/Potato_TD.csv	https://raw.githubusercontent.com/Planteome/CO_324-sorghum-traits/9b59ff6f39fba7c3b891ac29e5422e14909a8ffb/sorghum_TD.csv
CO_324:0000415	Grain standardized yield	skos:narrowMatch	TO:0000396	grain yield trait	1	sssom:HumanCuration	14/06/2021	orcid:0000-0002-6379-8932|orcid:0000-0002-8461-9745	https://raw.githubusercontent.com/Planteome/CO_330-potato-traits/3fc38aa1a09261de5e66bec1ac2bd1909c0cbb8f/Potato_TD.csv	https://raw.githubusercontent.com/Planteome/CO_324-sorghum-traits/9b59ff6f39fba7c3b891ac29e5422e14909a8ffb/sorghum_TD.csv
CO_324:0000430	Leaf biomass dry matter content	skos:narrowMatch	TO:0001014	leaf dry weight	1	sssom:HumanCuration	14/06/2021	orcid:0000-0002-6379-8932|orcid:0000-0002-8461-9745	https://raw.githubusercontent.com/Planteome/CO_330-potato-traits/3fc38aa1a09261de5e66bec1ac2bd1909c0cbb8f/Potato_TD.csv	https://raw.githubusercontent.com/Planteome/CO_324-sorghum-traits/9b59ff6f39fba7c3b891ac29e5422e14909a8ffb/sorghum_TD.csv
CO_324:0000438	Leaf biomass yield at harvest	skos:narrowMatch	TO:0000870	leaf yield trait	1	sssom:HumanCuration	14/06/2021	orcid:0000-0002-6379-8932|orcid:0000-0002-8461-9745	https://raw.githubusercontent.com/Planteome/CO_330-potato-traits/3fc38aa1a09261de5e66bec1ac2bd1909c0cbb8f/Potato_TD.csv	https://raw.githubusercontent.com/Planteome/CO_324-sorghum-traits/9b59ff6f39fba7c3b891ac29e5422e14909a8ffb/sorghum_TD.csv
CO_324:0000446	Leaf biomass moisture content	skos:narrowMatch	TO:0000228	moisture content trait	1	sssom:HumanCuration	14/06/2021	orcid:0000-0002-6379-8932|orcid:0000-0002-8461-9745	https://raw.githubusercontent.com/Planteome/CO_330-potato-traits/3fc38aa1a09261de5e66bec1ac2bd1909c0cbb8f/Potato_TD.csv	https://raw.githubusercontent.com/Planteome/CO_324-sorghum-traits/9b59ff6f39fba7c3b891ac29e5422e14909a8ffb/sorghum_TD.csv
CO_324:0000459	Panicle dry matter content	skos:narrowMatch	TO:0000847	panicle morphology trait	1	sssom:HumanCuration	14/06/2021	orcid:0000-0002-6379-8932|orcid:0000-0002-8461-9745	https://raw.githubusercontent.com/Planteome/CO_330-potato-traits/3fc38aa1a09261de5e66bec1ac2bd1909c0cbb8f/Potato_TD.csv	https://raw.githubusercontent.com/Planteome/CO_324-sorghum-traits/9b59ff6f39fba7c3b891ac29e5422e14909a8ffb/sorghum_TD.csv
CO_324:0000473	Panicle moisture content	skos:narrowMatch	TO:0000228	moisture content trait	1	sssom:HumanCuration	14/06/2021	orcid:0000-0002-6379-8932|orcid:0000-0002-8461-9745	https://raw.githubusercontent.com/Planteome/CO_330-potato-traits/3fc38aa1a09261de5e66bec1ac2bd1909c0cbb8f/Potato_TD.csv	https://raw.githubusercontent.com/Planteome/CO_324-sorghum-traits/9b59ff6f39fba7c3b891ac29e5422e14909a8ffb/sorghum_TD.csv
CO_324:0000492	Stem biomass dry matter content	skos:narrowMatch	TO:0000327	shoot system yield trait	1	sssom:HumanCuration	14/06/2021	orcid:0000-0002-6379-8932|orcid:0000-0002-8461-9745	https://raw.githubusercontent.com/Planteome/CO_330-potato-traits/3fc38aa1a09261de5e66bec1ac2bd1909c0cbb8f/Potato_TD.csv	https://raw.githubusercontent.com/Planteome/CO_324-sorghum-traits/9b59ff6f39fba7c3b891ac29e5422e14909a8ffb/sorghum_TD.csv
CO_324:0000496	Stem Biomass Dry matter basis yield	skos:narrowMatch	TO:0000327	shoot system yield trait	1	sssom:HumanCuration	14/06/2021	orcid:0000-0002-6379-8932|orcid:0000-0002-8461-9745	https://raw.githubusercontent.com/Planteome/CO_330-potato-traits/3fc38aa1a09261de5e66bec1ac2bd1909c0cbb8f/Potato_TD.csv	https://raw.githubusercontent.com/Planteome/CO_324-sorghum-traits/9b59ff6f39fba7c3b891ac29e5422e14909a8ffb/sorghum_TD.csv
CO_324:0000506	Stem biomass moisture content	skos:narrowMatch	TO:0000228	moisture content trait	1	sssom:HumanCuration	14/06/2021	orcid:0000-0002-6379-8932|orcid:0000-0002-8461-9745	https://raw.githubusercontent.com/Planteome/CO_330-potato-traits/3fc38aa1a09261de5e66bec1ac2bd1909c0cbb8f/Potato_TD.csv	https://raw.githubusercontent.com/Planteome/CO_324-sorghum-traits/9b59ff6f39fba7c3b891ac29e5422e14909a8ffb/sorghum_TD.csv
CO_324:0000514	Stover biomass dry matter content	skos:narrowMatch	TO:0000327	shoot system yield trait	1	sssom:HumanCuration	14/06/2021	orcid:0000-0002-6379-8932|orcid:0000-0002-8461-9745	https://raw.githubusercontent.com/Planteome/CO_330-potato-traits/3fc38aa1a09261de5e66bec1ac2bd1909c0cbb8f/Potato_TD.csv	https://raw.githubusercontent.com/Planteome/CO_324-sorghum-traits/9b59ff6f39fba7c3b891ac29e5422e14909a8ffb/sorghum_TD.csv
CO_324:0000522	Stover biomass yield at harvest	skos:narrowMatch	TO:0000327	shoot system yield trait	1	sssom:HumanCuration	14/06/2021	orcid:0000-0002-6379-8932|orcid:0000-0002-8461-9745	https://raw.githubusercontent.com/Planteome/CO_330-potato-traits/3fc38aa1a09261de5e66bec1ac2bd1909c0cbb8f/Potato_TD.csv	https://raw.githubusercontent.com/Planteome/CO_324-sorghum-traits/9b59ff6f39fba7c3b891ac29e5422e14909a8ffb/sorghum_TD.csv
CO_324:0000530	Stover biomass moisture content	skos:narrowMatch	TO:0000228	moisture content trait	1	sssom:HumanCuration	14/06/2021	orcid:0000-0002-6379-8932|orcid:0000-0002-8461-9745	https://raw.githubusercontent.com/Planteome/CO_330-potato-traits/3fc38aa1a09261de5e66bec1ac2bd1909c0cbb8f/Potato_TD.csv	https://raw.githubusercontent.com/Planteome/CO_324-sorghum-traits/9b59ff6f39fba7c3b891ac29e5422e14909a8ffb/sorghum_TD.csv
CO_324:0000538	Plant vegetative growth rate	skos:narrowMatch	TO:0000296	vegetative vigor	1	sssom:HumanCuration	14/06/2021	orcid:0000-0002-6379-8932|orcid:0000-0002-8461-9745	https://raw.githubusercontent.com/Planteome/CO_330-potato-traits/3fc38aa1a09261de5e66bec1ac2bd1909c0cbb8f/Potato_TD.csv	https://raw.githubusercontent.com/Planteome/CO_324-sorghum-traits/9b59ff6f39fba7c3b891ac29e5422e14909a8ffb/sorghum_TD.csv
CO_324:0000542	Whole above ground biomass dry matter content	skos:narrowMatch	TO:0000327	shoot system yield trait	1	sssom:HumanCuration	14/06/2021	orcid:0000-0002-6379-8932|orcid:0000-0002-8461-9745	https://raw.githubusercontent.com/Planteome/CO_330-potato-traits/3fc38aa1a09261de5e66bec1ac2bd1909c0cbb8f/Potato_TD.csv	https://raw.githubusercontent.com/Planteome/CO_324-sorghum-traits/9b59ff6f39fba7c3b891ac29e5422e14909a8ffb/sorghum_TD.csv
CO_324:0000553	Whole above ground biomass yield at harvest	skos:narrowMatch	TO:0000327	shoot system yield trait	1	sssom:HumanCuration	14/06/2021	orcid:0000-0002-6379-8932|orcid:0000-0002-8461-9745	https://raw.githubusercontent.com/Planteome/CO_330-potato-traits/3fc38aa1a09261de5e66bec1ac2bd1909c0cbb8f/Potato_TD.csv	https://raw.githubusercontent.com/Planteome/CO_324-sorghum-traits/9b59ff6f39fba7c3b891ac29e5422e14909a8ffb/sorghum_TD.csv
CO_324:0000561	Whole above ground biomass moisture content	skos:narrowMatch	TO:0000228	moisture content trait	1	sssom:HumanCuration	14/06/2021	orcid:0000-0002-6379-8932|orcid:0000-0002-8461-9745	https://raw.githubusercontent.com/Planteome/CO_330-potato-traits/3fc38aa1a09261de5e66bec1ac2bd1909c0cbb8f/Potato_TD.csv	https://raw.githubusercontent.com/Planteome/CO_324-sorghum-traits/9b59ff6f39fba7c3b891ac29e5422e14909a8ffb/sorghum_TD.csv
CO_324:0000569	Foliar anthracnose response	skos:narrowMatch	TO:0000439	fungal disease resistance	1	sssom:HumanCuration	14/06/2021	orcid:0000-0002-6379-8932|orcid:0000-0002-8461-9745	https://raw.githubusercontent.com/Planteome/CO_330-potato-traits/3fc38aa1a09261de5e66bec1ac2bd1909c0cbb8f/Potato_TD.csv	https://raw.githubusercontent.com/Planteome/CO_324-sorghum-traits/9b59ff6f39fba7c3b891ac29e5422e14909a8ffb/sorghum_TD.csv
CO_324:0000600	Grain shape in profile view	skos:narrowMatch	TO:0002730	grain shape	1	sssom:HumanCuration	14/06/2021	orcid:0000-0002-6379-8932|orcid:0000-0002-8461-9745	https://raw.githubusercontent.com/Planteome/CO_330-potato-traits/3fc38aa1a09261de5e66bec1ac2bd1909c0cbb8f/Potato_TD.csv	https://raw.githubusercontent.com/Planteome/CO_324-sorghum-traits/9b59ff6f39fba7c3b891ac29e5422e14909a8ffb/sorghum_TD.csv
CO_324:0000625	Stem length	skos:exactMatch	TO:0000576	stem length	1	sssom:HumanCuration	14/06/2021	orcid:0000-0002-6379-8932|orcid:0000-0002-8461-9745	https://raw.githubusercontent.com/Planteome/CO_330-potato-traits/3fc38aa1a09261de5e66bec1ac2bd1909c0cbb8f/Potato_TD.csv	https://raw.githubusercontent.com/Planteome/CO_324-sorghum-traits/9b59ff6f39fba7c3b891ac29e5422e14909a8ffb/sorghum_TD.csv
CO_324:0000659	Decorticated grain weight	skos:exactMatch	TO:0000590	dehulled grain weight	1	sssom:HumanCuration	14/06/2021	orcid:0000-0002-6379-8932|orcid:0000-0002-8461-9745	https://raw.githubusercontent.com/Planteome/CO_330-potato-traits/3fc38aa1a09261de5e66bec1ac2bd1909c0cbb8f/Potato_TD.csv	https://raw.githubusercontent.com/Planteome/CO_324-sorghum-traits/9b59ff6f39fba7c3b891ac29e5422e14909a8ffb/sorghum_TD.csv